[
  {
    "pk": 1, 
    "model": "sasse.sektion", 
    "fields": {
      "name": "Aarau"
    }
  }, 
  {
    "pk": 2, 
    "model": "sasse.sektion", 
    "fields": {
      "name": "Aarburg"
    }
  }, 
  {
    "pk": 3, 
    "model": "sasse.sektion", 
    "fields": {
      "name": "Aarwangen"
    }
  }, 
  {
    "pk": 4, 
    "model": "sasse.sektion", 
    "fields": {
      "name": "Baden"
    }
  }, 
  {
    "pk": 5, 
    "model": "sasse.sektion", 
    "fields": {
      "name": "Basler Pontoniere"
    }
  }, 
  {
    "pk": 7, 
    "model": "sasse.sektion", 
    "fields": {
      "name": "Bern"
    }
  }, 
  {
    "pk": 8, 
    "model": "sasse.sektion", 
    "fields": {
      "name": "Bex"
    }
  }, 
  {
    "pk": 9, 
    "model": "sasse.sektion", 
    "fields": {
      "name": "Biel"
    }
  }, 
  {
    "pk": 10, 
    "model": "sasse.sektion", 
    "fields": {
      "name": "Bremgarten"
    }
  }, 
  {
    "pk": 11, 
    "model": "sasse.sektion", 
    "fields": {
      "name": "Brugg"
    }
  }, 
  {
    "pk": 12, 
    "model": "sasse.sektion", 
    "fields": {
      "name": "Buchs SG"
    }
  }, 
  {
    "pk": 13, 
    "model": "sasse.sektion", 
    "fields": {
      "name": "Diessenhofen"
    }
  }, 
  {
    "pk": 14, 
    "model": "sasse.sektion", 
    "fields": {
      "name": "Dietikon"
    }
  }, 
  {
    "pk": 15, 
    "model": "sasse.sektion", 
    "fields": {
      "name": "Eglisau"
    }
  }, 
  {
    "pk": 16, 
    "model": "sasse.sektion", 
    "fields": {
      "name": "Ellikon"
    }
  }, 
  {
    "pk": 17, 
    "model": "sasse.sektion", 
    "fields": {
      "name": "Genf"
    }
  }, 
  {
    "pk": 18, 
    "model": "sasse.sektion", 
    "fields": {
      "name": "Klingnau"
    }
  }, 
  {
    "pk": 19, 
    "model": "sasse.sektion", 
    "fields": {
      "name": "Laufenburg"
    }
  }, 
  {
    "pk": 20, 
    "model": "sasse.sektion", 
    "fields": {
      "name": "Ligerz"
    }
  }, 
  {
    "pk": 21, 
    "model": "sasse.sektion", 
    "fields": {
      "name": "Luzern"
    }
  }, 
  {
    "pk": 22, 
    "model": "sasse.sektion", 
    "fields": {
      "name": "Mellingen"
    }
  }, 
  {
    "pk": 23, 
    "model": "sasse.sektion", 
    "fields": {
      "name": "Mumpf"
    }
  }, 
  {
    "pk": 24, 
    "model": "sasse.sektion", 
    "fields": {
      "name": "Murgenthal"
    }
  }, 
  {
    "pk": 25, 
    "model": "sasse.sektion", 
    "fields": {
      "name": "Oberriet"
    }
  }, 
  {
    "pk": 26, 
    "model": "sasse.sektion", 
    "fields": {
      "name": "Olten"
    }
  }, 
  {
    "pk": 27, 
    "model": "sasse.sektion", 
    "fields": {
      "name": "Ottenbach"
    }
  }, 
  {
    "pk": 28, 
    "model": "sasse.sektion", 
    "fields": {
      "name": "Rheinfelden"
    }
  }, 
  {
    "pk": 29, 
    "model": "sasse.sektion", 
    "fields": {
      "name": "Schaffhausen"
    }
  }, 
  {
    "pk": 30, 
    "model": "sasse.sektion", 
    "fields": {
      "name": "Schmerikon"
    }
  }, 
  {
    "pk": 32, 
    "model": "sasse.sektion", 
    "fields": {
      "name": "Schwaderloch"
    }
  }, 
  {
    "pk": 31, 
    "model": "sasse.sektion", 
    "fields": {
      "name": "Sch\u00f6nenwerd"
    }
  }, 
  {
    "pk": 33, 
    "model": "sasse.sektion", 
    "fields": {
      "name": "Sisseln"
    }
  }, 
  {
    "pk": 34, 
    "model": "sasse.sektion", 
    "fields": {
      "name": "Solothurn"
    }
  }, 
  {
    "pk": 35, 
    "model": "sasse.sektion", 
    "fields": {
      "name": "Stein am Rhein"
    }
  }, 
  {
    "pk": 36, 
    "model": "sasse.sektion", 
    "fields": {
      "name": "Thun"
    }
  }, 
  {
    "pk": 0, 
    "model": "sasse.sektion", 
    "fields": {
      "name": "Verband"
    }
  }, 
  {
    "pk": 37, 
    "model": "sasse.sektion", 
    "fields": {
      "name": "Wallbach"
    }
  }, 
  {
    "pk": 38, 
    "model": "sasse.sektion", 
    "fields": {
      "name": "Wangen a A"
    }
  }, 
  {
    "pk": 39, 
    "model": "sasse.sektion", 
    "fields": {
      "name": "Worblaufen"
    }
  }, 
  {
    "pk": 40, 
    "model": "sasse.sektion", 
    "fields": {
      "name": "Wynau"
    }
  }, 
  {
    "pk": 42, 
    "model": "sasse.sektion", 
    "fields": {
      "name": "Zurzach"
    }
  }, 
  {
    "pk": 41, 
    "model": "sasse.sektion", 
    "fields": {
      "name": "Z\u00fcrich"
    }
  }, 
  {
    "pk": 1, 
    "model": "sasse.disziplinart", 
    "fields": {
      "name": "Einzelfahren"
    }
  }, 
  {
    "pk": 2, 
    "model": "sasse.disziplinart", 
    "fields": {
      "name": "Sektionsfahren"
    }
  }, 
  {
    "pk": 3, 
    "model": "sasse.disziplinart", 
    "fields": {
      "name": "Bootsf\u00e4hrenbau"
    }
  }, 
  {
    "pk": 4, 
    "model": "sasse.disziplinart", 
    "fields": {
      "name": "Einzelschn\u00fcren"
    }
  }, 
  {
    "pk": 5, 
    "model": "sasse.disziplinart", 
    "fields": {
      "name": "Gruppenschn\u00fcren"
    }
  }, 
  {
    "pk": 6, 
    "model": "sasse.disziplinart", 
    "fields": {
      "name": "Schwimmen"
    }
  }, 
  {
    "pk": 2, 
    "model": "sasse.postenart", 
    "fields": {
      "disziplinarten": [
        1, 
        2
      ], 
      "name": "Abfahrt bei einer Stange"
    }
  }, 
  {
    "pk": 18, 
    "model": "sasse.postenart", 
    "fields": {
      "disziplinarten": [
        2
      ], 
      "name": "Abfahrt und Ueberfahrt in Linie"
    }
  }, 
  {
    "pk": 3, 
    "model": "sasse.postenart", 
    "fields": {
      "disziplinarten": [
        1, 
        2
      ], 
      "name": "Abfahrt unterhalb eines markierten Felsens"
    }
  }, 
  {
    "pk": 20, 
    "model": "sasse.postenart", 
    "fields": {
      "disziplinarten": [
        2
      ], 
      "name": "Abmeldung"
    }
  }, 
  {
    "pk": 1, 
    "model": "sasse.postenart", 
    "fields": {
      "disziplinarten": [
        1
      ], 
      "name": "Allgemeines und Antreten"
    }
  }, 
  {
    "pk": 10, 
    "model": "sasse.postenart", 
    "fields": {
      "disziplinarten": [
        2
      ], 
      "name": "Anmeldung (Sektionsfahren)"
    }
  }, 
  {
    "pk": 50, 
    "model": "sasse.postenart", 
    "fields": {
      "disziplinarten": [
        3
      ], 
      "name": "Bootsf\u00e4hrenbau"
    }
  }, 
  {
    "pk": 8, 
    "model": "sasse.postenart", 
    "fields": {
      "disziplinarten": [
        1, 
        2
      ], 
      "name": "Durchfahrt"
    }
  }, 
  {
    "pk": 7, 
    "model": "sasse.postenart", 
    "fields": {
      "disziplinarten": [
        1, 
        2
      ], 
      "name": "Einfahren in die Br\u00fcckenlinie"
    }
  }, 
  {
    "pk": 52, 
    "model": "sasse.postenart", 
    "fields": {
      "disziplinarten": [
        4
      ], 
      "name": "Einzelschn\u00fcren"
    }
  }, 
  {
    "pk": 11, 
    "model": "sasse.postenart", 
    "fields": {
      "disziplinarten": [
        2
      ], 
      "name": "Gemeinsame Stachelfahrt"
    }
  }, 
  {
    "pk": 53, 
    "model": "sasse.postenart", 
    "fields": {
      "disziplinarten": [
        5
      ], 
      "name": "Gruppenschn\u00fcren"
    }
  }, 
  {
    "pk": 5, 
    "model": "sasse.postenart", 
    "fields": {
      "disziplinarten": [
        1, 
        2
      ], 
      "name": "Landung auf bestimmtes Ziel"
    }
  }, 
  {
    "pk": 6, 
    "model": "sasse.postenart", 
    "fields": {
      "disziplinarten": [
        1
      ], 
      "name": "Landung auf h\u00f6chstes Ziel"
    }
  }, 
  {
    "pk": 13, 
    "model": "sasse.postenart", 
    "fields": {
      "disziplinarten": [
        2
      ], 
      "name": "Landung auf h\u00f6chstes Ziel (Sektionsfahren)"
    }
  }, 
  {
    "pk": 19, 
    "model": "sasse.postenart", 
    "fields": {
      "disziplinarten": [
        2
      ], 
      "name": "Landung in Linie"
    }
  }, 
  {
    "pk": 51, 
    "model": "sasse.postenart", 
    "fields": {
      "disziplinarten": [
        6
      ], 
      "name": "Schwimmen"
    }
  }, 
  {
    "pk": 4, 
    "model": "sasse.postenart", 
    "fields": {
      "disziplinarten": [
        1, 
        2
      ], 
      "name": "Umfahren eines markierten Felsens"
    }
  }, 
  {
    "pk": 9, 
    "model": "sasse.postenart", 
    "fields": {
      "disziplinarten": [
        1, 
        2, 
        3, 
        4, 
        5, 
        6
      ], 
      "name": "Zeitnote"
    }
  }, 
  {
    "pk": 1, 
    "model": "sasse.kategorie", 
    "fields": {
      "geschlecht": "m", 
      "alter_von": 0, 
      "disziplinart": 1, 
      "alter_bis": 14, 
      "name": "I"
    }
  }, 
  {
    "pk": 2, 
    "model": "sasse.kategorie", 
    "fields": {
      "geschlecht": "m", 
      "alter_von": 15, 
      "disziplinart": 1, 
      "alter_bis": 17, 
      "name": "II"
    }
  }, 
  {
    "pk": 3, 
    "model": "sasse.kategorie", 
    "fields": {
      "geschlecht": "m", 
      "alter_von": 18, 
      "disziplinart": 1, 
      "alter_bis": 20, 
      "name": "III"
    }
  }, 
  {
    "pk": 4, 
    "model": "sasse.kategorie", 
    "fields": {
      "geschlecht": "m", 
      "alter_von": 21, 
      "disziplinart": 1, 
      "alter_bis": 42, 
      "name": "C"
    }
  }, 
  {
    "pk": 5, 
    "model": "sasse.kategorie", 
    "fields": {
      "geschlecht": "m", 
      "alter_von": 43, 
      "disziplinart": 1, 
      "alter_bis": 99, 
      "name": "D"
    }
  }, 
  {
    "pk": 6, 
    "model": "sasse.kategorie", 
    "fields": {
      "geschlecht": "f", 
      "alter_von": 21, 
      "disziplinart": 1, 
      "alter_bis": 99, 
      "name": "F"
    }
  }, 
  {
    "pk": 17, 
    "model": "sasse.bewertungsart", 
    "fields": {
      "gruppe": "STIL", 
      "name": "Max", 
      "defaultwert": "10", 
      "editierbar": false, 
      "reihenfolge": 0, 
      "postenart": 2, 
      "signum": 1, 
      "wertebereich": "10", 
      "einheit": "PUNKT"
    }
  }, 
  {
    "pk": 2, 
    "model": "sasse.bewertungsart", 
    "fields": {
      "gruppe": "STIL", 
      "name": "Abzug", 
      "defaultwert": "0", 
      "editierbar": true, 
      "reihenfolge": 1, 
      "postenart": 2, 
      "signum": -1, 
      "wertebereich": "0, 1, 2, 3, 4, 5, 6, 7, 8, 9, 10", 
      "einheit": "PUNKT"
    }
  }, 
  {
    "pk": 3, 
    "model": "sasse.bewertungsart", 
    "fields": {
      "gruppe": "ZIEL", 
      "name": "Distanznote", 
      "defaultwert": "10", 
      "editierbar": true, 
      "reihenfolge": 2, 
      "postenart": 2, 
      "signum": 1, 
      "wertebereich": "3, 5, 6, 7, 7.5, 8, 8.5, 9, 9.5, 10", 
      "einheit": "PUNKT"
    }
  }, 
  {
    "pk": 18, 
    "model": "sasse.bewertungsart", 
    "fields": {
      "gruppe": "STIL", 
      "name": "Max", 
      "defaultwert": "10", 
      "editierbar": false, 
      "reihenfolge": 0, 
      "postenart": 3, 
      "signum": 1, 
      "wertebereich": "10", 
      "einheit": "PUNKT"
    }
  }, 
  {
    "pk": 4, 
    "model": "sasse.bewertungsart", 
    "fields": {
      "gruppe": "STIL", 
      "name": "Abzug", 
      "defaultwert": "0", 
      "editierbar": true, 
      "reihenfolge": 1, 
      "postenart": 3, 
      "signum": -1, 
      "wertebereich": "0, 1, 2, 3, 4, 5, 6, 7, 8, 9, 10", 
      "einheit": "PUNKT"
    }
  }, 
  {
    "pk": 5, 
    "model": "sasse.bewertungsart", 
    "fields": {
      "gruppe": "ZIEL", 
      "name": "Distanznote", 
      "defaultwert": "10", 
      "editierbar": true, 
      "reihenfolge": 2, 
      "postenart": 3, 
      "signum": 1, 
      "wertebereich": "3, 5, 6, 7, 7.5, 8, 8.5, 9, 9.5, 10", 
      "einheit": "PUNKT"
    }
  }, 
  {
    "pk": 1, 
    "model": "sasse.bewertungsart", 
    "fields": {
      "gruppe": "STIL", 
      "name": "Sanktion", 
      "defaultwert": "0", 
      "editierbar": true, 
      "reihenfolge": 1, 
      "postenart": 1, 
      "signum": -1, 
      "wertebereich": "0, 1, 2, 3, 4, 5, 6, 7, 8, 9, 10", 
      "einheit": "PUNKT"
    }
  }, 
  {
    "pk": 23, 
    "model": "sasse.bewertungsart", 
    "fields": {
      "gruppe": "STIL", 
      "name": "Max", 
      "defaultwert": "10", 
      "editierbar": false, 
      "reihenfolge": 0, 
      "postenart": 8, 
      "signum": 1, 
      "wertebereich": "10", 
      "einheit": "PUNKT"
    }
  }, 
  {
    "pk": 14, 
    "model": "sasse.bewertungsart", 
    "fields": {
      "gruppe": "STIL", 
      "name": "Abzug", 
      "defaultwert": "0", 
      "editierbar": true, 
      "reihenfolge": 1, 
      "postenart": 8, 
      "signum": -1, 
      "wertebereich": "0, 1, 2, 3, 4, 5, 6, 7, 8, 9, 10", 
      "einheit": "PUNKT"
    }
  }, 
  {
    "pk": 15, 
    "model": "sasse.bewertungsart", 
    "fields": {
      "gruppe": "ZIEL", 
      "name": "Zielnote", 
      "defaultwert": "10", 
      "editierbar": true, 
      "reihenfolge": 2, 
      "postenart": 8, 
      "signum": 1, 
      "wertebereich": "10, 8, 6, 0", 
      "einheit": "PUNKT"
    }
  }, 
  {
    "pk": 22, 
    "model": "sasse.bewertungsart", 
    "fields": {
      "gruppe": "STIL", 
      "name": "Max", 
      "defaultwert": "10", 
      "editierbar": false, 
      "reihenfolge": 0, 
      "postenart": 7, 
      "signum": 1, 
      "wertebereich": "10", 
      "einheit": "PUNKT"
    }
  }, 
  {
    "pk": 12, 
    "model": "sasse.bewertungsart", 
    "fields": {
      "gruppe": "STIL", 
      "name": "Abzug", 
      "defaultwert": "0", 
      "editierbar": true, 
      "reihenfolge": 1, 
      "postenart": 7, 
      "signum": -1, 
      "wertebereich": "0, 1, 2, 3, 4, 5, 6, 7, 8, 9, 10", 
      "einheit": "PUNKT"
    }
  }, 
  {
    "pk": 13, 
    "model": "sasse.bewertungsart", 
    "fields": {
      "gruppe": "ZIEL", 
      "name": "Zielnote", 
      "defaultwert": "10", 
      "editierbar": true, 
      "reihenfolge": 2, 
      "postenart": 7, 
      "signum": 1, 
      "wertebereich": "10, 8, 6, 0", 
      "einheit": "PUNKT"
    }
  }, 
  {
    "pk": 20, 
    "model": "sasse.bewertungsart", 
    "fields": {
      "gruppe": "STIL", 
      "name": "Max", 
      "defaultwert": "10", 
      "editierbar": false, 
      "reihenfolge": 0, 
      "postenart": 5, 
      "signum": 1, 
      "wertebereich": "10", 
      "einheit": "PUNKT"
    }
  }, 
  {
    "pk": 8, 
    "model": "sasse.bewertungsart", 
    "fields": {
      "gruppe": "STIL", 
      "name": "Abzug", 
      "defaultwert": "0", 
      "editierbar": true, 
      "reihenfolge": 1, 
      "postenart": 5, 
      "signum": -1, 
      "wertebereich": "0, 1, 2, 3, 4, 5, 6, 7, 8, 9, 10", 
      "einheit": "PUNKT"
    }
  }, 
  {
    "pk": 9, 
    "model": "sasse.bewertungsart", 
    "fields": {
      "gruppe": "ZIEL", 
      "name": "Zielnote", 
      "defaultwert": "10", 
      "editierbar": true, 
      "reihenfolge": 2, 
      "postenart": 5, 
      "signum": 1, 
      "wertebereich": "3, 5, 6, 7, 7.5, 8, 8.5, 9, 9.5, 10", 
      "einheit": "PUNKT"
    }
  }, 
  {
    "pk": 21, 
    "model": "sasse.bewertungsart", 
    "fields": {
      "gruppe": "STIL", 
      "name": "Max", 
      "defaultwert": "10", 
      "editierbar": false, 
      "reihenfolge": 0, 
      "postenart": 6, 
      "signum": 1, 
      "wertebereich": "10", 
      "einheit": "PUNKT"
    }
  }, 
  {
    "pk": 10, 
    "model": "sasse.bewertungsart", 
    "fields": {
      "gruppe": "STIL", 
      "name": "Abzug", 
      "defaultwert": "0", 
      "editierbar": true, 
      "reihenfolge": 1, 
      "postenart": 6, 
      "signum": -1, 
      "wertebereich": "0, 1, 2, 3, 4, 5, 6, 7, 8, 9, 10", 
      "einheit": "PUNKT"
    }
  }, 
  {
    "pk": 11, 
    "model": "sasse.bewertungsart", 
    "fields": {
      "gruppe": "ZIEL", 
      "name": "Zielnote", 
      "defaultwert": "15", 
      "editierbar": true, 
      "reihenfolge": 2, 
      "postenart": 6, 
      "signum": 1, 
      "wertebereich": "3, 5, 6, 7, 7.5, 8, 8.5, 9, 9.5, 10, 10.5, 11, 11.5, 12, 12.5, 13, 13.5, 14, 14.5, 15", 
      "einheit": "PUNKT"
    }
  }, 
  {
    "pk": 19, 
    "model": "sasse.bewertungsart", 
    "fields": {
      "gruppe": "STIL", 
      "name": "Max", 
      "defaultwert": "10", 
      "editierbar": false, 
      "reihenfolge": 0, 
      "postenart": 4, 
      "signum": 1, 
      "wertebereich": "10", 
      "einheit": "PUNKT"
    }
  }, 
  {
    "pk": 6, 
    "model": "sasse.bewertungsart", 
    "fields": {
      "gruppe": "STIL", 
      "name": "Abzug", 
      "defaultwert": "0", 
      "editierbar": true, 
      "reihenfolge": 1, 
      "postenart": 4, 
      "signum": -1, 
      "wertebereich": "0, 1, 2, 3, 4, 5, 6, 7, 8, 9, 10", 
      "einheit": "PUNKT"
    }
  }, 
  {
    "pk": 7, 
    "model": "sasse.bewertungsart", 
    "fields": {
      "gruppe": "ZIEL", 
      "name": "Distanznote", 
      "defaultwert": "10", 
      "editierbar": true, 
      "reihenfolge": 2, 
      "postenart": 4, 
      "signum": 1, 
      "wertebereich": "3, 5, 6, 7, 7.5, 8, 8.5, 9, 9.5, 10", 
      "einheit": "PUNKT"
    }
  }, 
  {
    "pk": 16, 
    "model": "sasse.bewertungsart", 
    "fields": {
      "gruppe": "ZIEL", 
      "name": "Zeit", 
      "defaultwert": "0", 
      "editierbar": true, 
      "reihenfolge": 1, 
      "postenart": 9, 
      "signum": 1, 
      "wertebereich": "0", 
      "einheit": "ZEIT"
    }
  }
]
